Distance (in),Time (s),X (in),Y (in),Velocity (in/s),Orientation (deg),Touch,Way X (in),Way Y (in),Way Velocity (in/s),Way Orientation (deg),Way Turn Radius (in),Touch this Point
0.0,0.0,500.0,303.0,12.0,180.0,0,500.0,303.0,12.0,180.0,6.0,0.0
1.0,0.07718463770389937,499.0,303.0,13.911892048681079,180.0,0,486.29,303.0,180.0,180.0,12.0,0.0
2.0,0.14444391205761636,498.0,303.0,15.823784097362157,180.0,0,440.0,306.0,180.0,180.0,20.0,0.0
3.0,0.20403962621672625,497.0,303.0,17.735676146043236,180.0,0,400.0,306.0,24.0,200.0,12.0,0.0
4.0,0.25753953065971597,496.0,303.0,19.647568194724315,180.0,0,387.0,295.0,18.0,200.0,6.0,1.0
5.0,0.3060749401712972,495.0,303.0,21.559460243405393,180.0,0,440.0,212.82,180.0,200.0,3.0,0.0
6.0,0.35048897330524664,494.0,303.0,23.471352292086472,180.0,0,492.02,125.91,180.0,0.0,3.0,0.0
7.0,0.39142677932235803,493.0,303.0,25.38324434076755,180.0,0,510.0,100.0,24.0,0.0,3.0,0.0
8.0,0.42939301845644756,492.0,303.0,27.29513638944863,180.0,0,,,,,,
9.0,0.46478989229487816,491.0,303.0,29.207028438129708,180.0,0,,,,,,
10.0,0.4979431213056388,490.0,303.0,31.118920486810786,180.0,0,,,,,,
11.0,0.529120180129947,489.0,303.0,33.03081253549187,180.0,0,,,,,,
12.0,0.5585434038315994,488.0,303.0,34.94270458417295,180.0,0,,,,,,
13.0,0.5863996040800523,487.0,303.0,36.85459663285403,180.0,0,,,,,,
13.70999999999998,0.6055082494246051,486.29,303.0,37.45731686993913,180.0,0,,,,,,
14.709999999999994,0.6319061727431196,485.2920934986822,303.064673136832,38.30621861231254,180.0,0,,,,,,
15.710000000000008,0.65772550438225,484.2941869973644,303.12934627366405,39.155120354685955,180.0,0,,,,,,
16.710000000000022,0.6829910635843246,483.2962804960466,303.1940194104961,40.00402209705937,180.0,0,,,,,,
17.710000000000036,0.7077261061565595,482.2983739947288,303.2586925473281,40.85292383943278,180.0,0,,,,,,
18.71000000000005,0.7319524530841596,481.300467493411,303.32336568416014,41.7018255818062,180.0,0,,,,,,
19.710000000000065,0.7556906061847755,480.3025609920932,303.38803882099216,42.55072732417961,180.0,0,,,,,,
20.71000000000008,0.7789598523401722,479.3046544907754,303.4527119578242,43.399629066553025,180.0,0,,,,,,
21.710000000000093,0.8017783576327122,478.3067479894576,303.5173850946562,44.24853080892644,180.0,0,,,,,,
22.710000000000107,0.8241632525376605,477.3088414881398,303.58205823148825,45.09743255129985,180.0,0,,,,,,
23.71000000000012,0.8461307091720678,476.310934986822,303.6467313683203,45.94633429367327,180.0,0,,,,,,
24.710000000000136,0.8676960114727461,475.3130284855042,303.7114045051523,46.79523603604668,180.0,0,,,,,,
25.71000000000015,0.8888736190660491,474.3151219841864,303.77607764198433,47.644137778420095,180.0,0,,,,,,
26.710000000000164,0.9096772254978804,473.3172154828686,303.84075077881636,48.49303952079351,180.0,0,,,,,,
27.71000000000018,0.9301198114111586,472.3193089815508,303.9054239156484,49.34194126316692,180.0,0,,,,,,
28.710000000000193,0.950213693187847,471.321402480233,303.9700970524804,50.19084300554034,180.0,0,,,,,,
29.710000000000207,0.9699705675119495,470.3234959789152,304.03477018931244,51.03974474791375,180.0,0,,,,,,
30.71000000000022,0.9894015522571745,469.3255894775974,304.09944332614447,51.888646490287165,180.0,0,,,,,,
31.710000000000235,1.00851722405711,468.3276829762796,304.1641164629765,52.73754823266058,180.0,0,,,,,,
32.71000000000025,1.0273276528757593,467.3297764749618,304.2287895998085,53.58644997503399,180.0,0,,,,,,
33.710000000000264,1.045842433861309,466.331869973644,304.29346273664055,54.43535171740741,180.0,0,,,,,,
34.71000000000028,1.0640707167353696,465.3339634723262,304.3581358734726,55.28425345978082,180.0,0,,,,,,
35.71000000000029,1.0820212329430159,464.3360569710084,304.4228090103046,56.133155202154235,180.0,0,,,,,,
36.710000000000306,1.0997023207652845,463.3381504696906,304.48748214713663,56.98205694452765,180.0,0,,,,,,
37.71000000000032,1.1171219485749084,462.3402439683728,304.55215528396866,57.83095868690106,180.0,0,,,,,,
38.710000000000335,1.1342877363976323,461.342337467055,304.6168284208007,58.67986042927448,180.0,0,,,,,,
39.71000000000035,1.1512069759251253,460.3444309657372,304.6815015576327,59.52876217164789,180.0,0,,,,,,
40.71000000000036,1.1678866491110402,459.3465244644194,304.74617469446474,60.377663914021305,180.0,0,,,,,,
41.71000000000038,1.184333445468908,458.3486179631016,304.81084783129677,61.22656565639472,180.0,0,,,,,,
42.71000000000039,1.2005537781791178,457.3507114617838,304.8755209681288,62.07546739876813,180.0,0,,,,,,
43.710000000000406,1.216553799102037,456.352804960466,304.9401941049608,62.92436914114155,180.0,0,,,,,,
44.71000000000042,1.2323394127852185,455.3548984591482,305.00486724179285,63.77327088351496,180.0,0,,,,,,
45.710000000000434,1.247916289544506,454.3569919578304,305.0695403786249,64.62217262588837,180.0,0,,,,,,
46.71000000000045,1.2632898776915522,453.3590854565126,305.1342135154569,65.47107436826178,180.0,0,,,,,,
47.71000000000046,1.2784654149737311,452.3611789551948,305.19888665228893,66.3199761106352,180.0,0,,,,,,
48.71000000000048,1.2934479392865454,451.363272453877,305.26355978912096,67.16887785300861,180.0,0,,,,,,
49.71000000000049,1.3082422987133517,450.3653659525592,305.328232925953,68.01777959538202,180.0,0,,,,,,
50.710000000000505,1.3228531609424614,449.3674594512414,305.392906062785,68.86668133775544,180.0,0,,,,,,
51.71000000000052,1.3372850221073878,448.3695529499236,305.45757919961704,69.71558308012885,180.0,0,,,,,,
52.710000000000534,1.3515422150921261,447.3716464486058,305.52225233644907,70.56448482250227,180.0,0,,,,,,
53.71000000000055,1.3656289173398528,446.373739947288,305.5869254732811,71.41338656487568,180.0,0,,,,,,
54.71000000000056,1.3795491582002495,445.3758334459702,305.6515986101131,72.2622883072491,180.0,0,,,,,,
55.710000000000576,1.393306825847785,444.3779269446524,305.71627174694515,73.11119004962251,180.0,0,,,,,,
56.71000000000059,1.4069056738006698,443.3800204433346,305.7809448837772,73.96009179199592,180.0,0,,,,,,
57.710000000000605,1.4203493270678287,442.3821139420168,305.8456180206092,74.80899353436934,180.0,0,,,,,,
58.71000000000062,1.4336412879490743,441.384207440699,305.91029115744124,75.65789527674275,180.0,0,,,,,,
59.71000000000063,1.4467849415116982,440.3863009393812,305.97496429427326,76.50679701911616,180.0,0,,,,,,
60.09711135649647,1.4518616310826282,440.0,306.0,75.99863042025339,180.1935622158319,0,,,,,,
61.09711135649647,1.465134392260996,439.0,306.0,74.68591615771474,180.69357910395428,0,,,,,,
62.09711135649647,1.4786425100068112,438.0,306.0,73.3732018951761,181.19359599207667,0,,,,,,
63.09711135649647,1.4923944818263635,437.0,306.0,72.06048763263745,181.69361288019905,0,,,,,,
64.09711135649647,1.5063992738878094,436.0,306.0,70.7477733700988,182.19362976832144,0,,,,,,
65.09711135649647,1.5206663561306992,435.0,306.0,69.43505910756015,182.69364665644383,0,,,,,,
66.09711135649647,1.5352057407260165,434.0,306.0,68.1223448450215,183.19366354456622,0,,,,,,
67.09711135649647,1.5500280242778832,433.0,306.0,66.80963058248285,183.6936804326886,0,,,,,,
68.09711135649647,1.5651444342124192,432.0,306.0,65.4969163199442,184.193697320811,0,,,,,,
69.09711135649647,1.5805668798623738,431.0,306.0,64.18420205740556,184.6937142089334,0,,,,,,
70.09711135649647,1.596308008829722,430.0,306.0,62.8714877948669,185.19373109705577,0,,,,,,
71.09711135649647,1.6123812692944002,429.0,306.0,61.558773532328246,185.69374798517816,0,,,,,,
72.09711135649647,1.6288009790381766,428.0,306.0,60.24605926978959,186.19376487330055,0,,,,,,
73.09711135649647,1.6455824020712273,427.0,306.0,58.933345007250935,186.69378176142294,0,,,,,,
74.09711135649647,1.6627418338889473,426.0,306.0,57.62063074471228,187.19379864954533,0,,,,,,
75.09711135649647,1.6802966965522712,425.0,306.0,56.307916482173624,187.69381553766772,0,,,,,,
76.09711135649647,1.6982656449818132,424.0,306.0,54.99520221963497,188.1938324257901,0,,,,,,
77.09711135649647,1.7166686860912406,423.0,306.0,53.68248795709631,188.6938493139125,0,,,,,,
78.09711135649647,1.735527312666969,422.0,306.0,52.36977369455766,189.19386620203488,0,,,,,,
79.09711135649647,1.7548646542401403,421.0,306.0,51.057059432019,189.69388309015727,0,,,,,,
80.09711135649647,1.7747056476063205,420.0,306.0,49.74434516948035,190.19389997827966,0,,,,,,
81.09711135649647,1.7950772301454456,419.0,306.0,48.43163090694169,190.69391686640205,0,,,,,,
82.09711135649647,1.8160085597008864,418.0,306.0,47.118916644403036,191.19393375452444,0,,,,,,
83.09711135649647,1.8375312655199088,417.0,306.0,45.80620238186438,191.69395064264683,0,,,,,,
84.09711135649647,1.8596797356741186,416.0,306.0,44.493488119325725,192.1939675307692,0,,,,,,
85.09711135649647,1.882491447514304,415.0,306.0,43.18077385678707,192.6939844188916,0,,,,,,
86.09711135649647,1.9060073491304201,414.0,306.0,41.868059594248415,193.194001307014,0,,,,,,
87.09711135649647,1.930272301564703,413.0,306.0,40.55534533170976,193.69401819513638,0,,,,,,
88.09711135649647,1.955335593770919,412.0,306.0,39.242631069171104,194.19403508325877,0,,,,,,
89.09711135649647,1.9812515451688004,411.0,306.0,37.92991680663245,194.69405197138116,0,,,,,,
90.09711135649647,2.008080214303425,410.0,306.0,36.61720254409379,195.19406885950355,0,,,,,,
91.09711135649647,2.035888236849062,409.0,306.0,35.30448828155514,195.69408574762593,0,,,,,,
92.09711135649647,2.0647498223603415,408.0,306.0,33.99177401901648,196.19410263574832,0,,,,,,
93.09711135649647,2.094747947278574,407.0,306.0,32.67905975647783,196.6941195238707,0,,,,,,
94.09711135649647,2.125975792464033,406.0,306.0,31.36634549393917,197.1941364119931,0,,,,,,
95.09711135649647,2.158538487968521,405.0,306.0,30.053631231400516,197.6941533001155,0,,,,,,
96.09691765927829,2.1925485113308003,404.00021494761813,305.9934814022949,28.74117123796278,198.1940733363576,0,,,,,,
97.09662833254275,2.228144399904179,403.0032869386069,305.9189429887904,27.428836778756406,198.69394555622605,0,,,,,,
98.09633900580724,2.265485116765793,402.01602283010965,305.76168202633596,26.11650231954999,199.1938177760945,0,,,,,,
99.09604967907171,2.3047505337264367,401.0452746562052,305.5227899730983,24.804167860343597,199.69368999596296,0,,,,,,
100.09576035233613,2.345403150265803,400.09777982334055,305.20392484183816,24.378923333618566,199.7128336525234,0,,,,,,
101.09547102560063,2.386771114289679,399.1801143498559,304.80729969259374,23.9536788068935,199.73197730908382,0,,,,,,
102.09518169886506,2.4288800520882723,398.2986472256124,304.33566727310085,23.52843428016846,199.75112096564425,0,,,,,,
103.0948923721295,2.47175699210408,397.4594962084852,303.7923009135485,23.103189753443424,199.77026462220468,0,,,,,,
104.0948923721295,2.515443226124731,396.69610992311607,303.14635867208233,22.677822156500145,199.78941381913972,0,,,,,,
105.0948923721295,2.5599566399334033,395.93272363774696,302.50041643061616,22.252454559556867,199.80856301607477,0,,,,,,
106.0948923721295,2.60532916267151,395.16933735237785,301.85447418915,21.82708696261359,199.82771221300982,0,,,,,,
107.0948923721295,2.6515946085598787,394.40595106700874,301.2085319476838,21.40171936567031,199.84686140994486,0,,,,,,
108.0948923721295,2.6987888282698136,393.64256478163963,300.56258970621764,20.97635176872703,199.8660106068799,0,,,,,,
109.0948923721295,2.7469498757992064,392.8791784962705,299.91664746475146,20.550984171783753,199.88515980381496,0,,,,,,
110.0948923721295,2.796118192799392,392.1157922109014,299.2707052232853,20.125616574840475,199.90430900075,0,,,,,,
111.0948923721295,2.846336812589377,391.3524059255323,298.6247629818191,19.700248977897196,199.92345819768505,0,,,,,,
112.09635964577913,2.897727702202517,390.57922881344115,297.9882617221742,19.274257250287512,199.94263549173218,0,,,,,,
113.09520264018283,2.9501278937439417,389.948157736493,297.2140287964284,18.84938180603438,199.96176253293922,0,,,,,,
114.09404563458658,3.0037226778408797,389.45427351351054,296.34583198593066,18.42450636178123,199.98088957414626,0,,,,,,
115.09288862899031,3.058567236857431,389.11126342311906,295.4077320950027,18.0,200.0000166153533,1,,,,,,
116.09173162339404,3.112812367650849,388.92863348810675,294.4257271895634,18.827010269645665,200.00001644347498,0,,,,,,
117.09057461779773,3.164725893531331,388.91144502991193,293.4270320987703,19.654020539291295,200.00001627159665,0,,,,,,
118.08941761220146,3.214499991774652,389.06017440150464,292.4393241958481,20.48103080893696,200.00001609971832,0,,,,,,
119.08826060660516,3.262304020401668,389.3706997859608,291.48997636018527,21.3080410785826,200.00001592784,0,,,,,,
120.08826060660515,3.308340243590207,389.91268689310783,290.6495895589524,22.136009312107976,200.00001575576258,0,,,,,,
121.08826060660513,3.3526861545171562,390.45467400025484,289.80920275771956,22.96397754563335,200.00001558368515,0,,,,,,
122.08826060660512,3.395461483454773,390.99666110740185,288.9688159564867,23.791945779158727,200.00001541160773,0,,,,,,
123.0882606066051,3.436773674488115,391.53864821454886,288.12842915525385,24.619914012684102,200.0000152395303,0,,,,,,
124.08826060660509,3.476719510922742,392.08063532169587,287.288042354021,25.447882246209478,200.0000150674529,0,,,,,,
125.08826060660508,3.5153864805050974,392.6226224288429,286.44765555278815,26.275850479734853,200.00001489537547,0,,,,,,
126.08826060660506,3.5528539288845344,393.1646095359899,285.6072687515553,27.103818713260228,200.00001472329805,0,,,,,,
127.08826060660505,3.589194039545875,393.7065966431369,284.76688195032244,27.931786946785603,200.00001455122063,0,,,,,,
128.08826060660502,3.624472670624849,394.2485837502839,283.9264951490896,28.759755180310968,200.0000143791432,0,,,,,,
129.088260606605,3.6587500729769116,394.7905708574309,283.08610834785674,29.587723413836333,200.0000142070658,0,,,,,,
130.08826060660496,3.692081509162004,395.3325579645779,282.2457215466239,30.415691647361697,200.00001403498837,0,,,,,,
131.08826060660493,3.724517789311393,395.8745450717249,281.40533474539103,31.243659880887062,200.00001386291095,0,,,,,,
132.0882606066049,3.756105736919693,396.41653217887193,280.5649479441582,32.07162811441243,200.00001369083353,0,,,,,,
133.08826060660488,3.7868885952781484,396.95851928601894,279.7245611429253,32.89959634793779,200.0000135187561,0,,,,,,
134.08826060660485,3.8169063834009105,397.50050639316595,278.88417434169247,33.72756458146315,200.00001334667868,0,,,,,,
135.08826060660482,3.8461962087933927,398.04249350031296,278.0437875404596,34.55553281498851,200.00001317460126,0,,,,,,
136.0882606066048,3.874792543193769,398.58448060745997,277.20340073922677,35.38350104851387,200.00001300252384,0,,,,,,
137.08826060660476,3.902727466426029,399.126467714607,276.3630139379939,36.21146928203923,200.00001283044642,0,,,,,,
138.08826060660473,3.9300308826898855,399.668454821754,275.52262713676106,37.03943751556459,200.000012658369,0,,,,,,
139.0882606066047,3.9567307129434943,400.210441928901,274.6822403355282,37.867405749089954,200.00001248629158,0,,,,,,
140.08826060660468,3.982853066481446,400.752429036048,273.84185353429535,38.695373982615315,200.00001231421416,0,,,,,,
141.08826060660465,4.008422394350723,401.294416143195,273.0014667330625,39.523342216140676,200.00001214213674,0,,,,,,
142.08826060660462,4.033461626863795,401.836403250342,272.16107993182965,40.35131044966604,200.00001197005932,0,,,,,,
143.0882606066046,4.057992297146832,402.378390357489,271.3206931305968,41.1792786831914,200.0000117979819,0,,,,,,
144.08826060660456,4.082034652390987,402.92037746463603,270.48030632936394,42.00724691671676,200.00001162590448,0,,,,,,
145.08826060660454,4.105607754246771,403.46236457178304,269.6399195281311,42.83521515024212,200.00001145382706,0,,,,,,
146.0882606066045,4.12872956960863,404.00435167893005,268.79953272689824,43.66318338376748,200.00001128174964,0,,,,,,
147.08826060660448,4.151417052872793,404.54633878607706,267.9591459256654,44.49115161729284,200.00001110967222,0,,,,,,
148.08826060660445,4.173686220611698,405.08832589322407,267.11875912443253,45.319119850818204,200.0000109375948,0,,,,,,
149.08826060660442,4.195552219488766,405.6303130003711,266.2783723231997,46.147088084343565,200.00001076551737,0,,,,,,
150.0882606066044,4.217029388134728,406.1723001075181,265.4379855219668,46.975056317868926,200.00001059343995,0,,,,,,
151.08826060660436,4.23813131361852,406.7142872146651,264.59759872073397,47.80302455139429,200.00001042136253,0,,,,,,
152.08826060660434,4.258870883069671,407.2562743218121,263.7572119195011,48.63099278491965,200.0000102492851,0,,,,,,
153.0882606066043,4.279260330943295,407.7982614289591,262.91682511826826,49.45896101844501,200.0000100772077,0,,,,,,
154.08826060660428,4.299311282361723,408.3402485361061,262.0764383170354,50.28692925197037,200.00000990513027,0,,,,,,
155.08826060660425,4.319034792917189,408.8822356432531,261.23605151580256,51.11489748549573,200.00000973305285,0,,,,,,
156.08826060660422,4.3384413852767665,409.42422275040013,260.3956647145697,51.94286571902109,200.00000956097543,0,,,,,,
157.0882606066042,4.357541082892961,409.96620985754714,259.55527791333685,52.770833952546454,200.000009388898,0,,,,,,
158.08826060660417,4.37634344109031,410.50819696469415,258.714891112104,53.598802186071815,200.0000092168206,0,,,,,,
159.08826060660414,4.394857575769334,411.05018407184116,257.87450431087115,54.426770419597176,200.00000904474317,0,,,,,,
160.0882606066041,4.4130921899436695,411.59217117898817,257.0341175096383,55.25473865312254,200.00000887266575,0,,,,,,
161.08826060660408,4.431055598303757,412.1341582861352,256.19373070840544,56.0827068866479,200.00000870058832,0,,,,,,
162.08826060660405,4.448755749980598,412.6761453932822,255.3533439071726,56.91067512017326,200.0000085285109,0,,,,,,
163.08826060660402,4.4662002496655715,413.2181325004292,254.51295710593973,57.73864335369862,200.00000835643348,0,,,,,,
164.088260606604,4.483396377226754,413.7601196075762,253.67257030470688,58.56661158722398,200.00000818435606,0,,,,,,
165.08826060660397,4.500351105948362,414.3021067147232,252.83218350347403,59.39457982074934,200.00000801227864,0,,,,,,
166.08826060660394,4.517071119507705,414.8440938218702,251.99179670224117,60.222548054274704,200.00000784020122,0,,,,,,
167.0882606066039,4.533562827793054,415.3860809290172,251.15140990100832,61.050516287800065,200.0000076681238,0,,,,,,
168.08826060660388,4.549832381656144,415.92806803616423,250.31102309977547,61.878484521325426,200.00000749604638,0,,,,,,
169.08826060660385,4.565885686684235,416.47005514331124,249.47063629854262,62.70645275485079,200.00000732396896,0,,,,,,
170.08826060660382,4.581728416068918,417.01204225045825,248.63024949730976,63.53442098837615,200.00000715189154,0,,,,,,
171.0882606066038,4.59736602264184,417.55402935760526,247.7898626960769,64.36238922190151,200.00000697981412,0,,,,,,
172.08826060660377,4.612803750141213,418.09601646475227,246.94947589484406,65.19035745542688,200.0000068077367,0,,,,,,
173.08826060660374,4.6280466437673855,418.6380035718993,246.1090890936112,66.01832568895225,200.00000663565928,0,,,,,,
174.0882606066037,4.643099560080615,419.1799906790463,245.26870229237835,66.84629392247761,200.00000646358185,0,,,,,,
175.08826060660368,4.6579671762896435,419.7219777861933,244.4283154911455,67.67426215600298,200.00000629150443,0,,,,,,
176.08826060660365,4.672653998975513,420.2639648933403,243.58792868991264,68.50223038952835,200.000006119427,0,,,,,,
177.08826060660363,4.687164372291342,420.8059520004873,242.7475418886798,69.33019862305372,200.0000059473496,0,,,,,,
178.0882606066036,4.7015024856753715,421.3479391076343,241.90715508744694,70.15816685657909,200.00000577527217,0,,,,,,
179.08826060660357,4.715672381111571,421.8899262147813,241.06676828621409,70.98613509010445,200.00000560319475,0,,,,,,
180.08826060660354,4.7296779599692576,422.43191332192833,240.22638148498123,71.81410332362982,200.00000543111733,0,,,,,,
181.0882606066035,4.743522989450693,422.97390042907534,239.38599468374838,72.64207155715519,200.0000052590399,0,,,,,,
182.08826060660348,4.757211108673327,423.51588753622235,238.54560788251553,73.47003979068056,200.0000050869625,0,,,,,,
183.08826060660346,4.770745834411231,424.05787464336936,237.70522108128267,74.29800802420593,200.00000491488507,0,,,,,,
184.08826060660343,4.784130566518402,424.59986175051637,236.86483428004982,75.1259762577313,200.00000474280765,0,,,,,,
185.0882606066034,4.797368593054853,425.1418488576634,236.02444747881697,75.95394449125666,200.00000457073023,0,,,,,,
186.08826060660337,4.810463095134813,425.6838359648104,235.1840606775841,76.78191272478203,200.0000043986528,0,,,,,,
187.08826060660334,4.823417151514942,426.2258230719574,234.34367387635126,77.6098809583074,200.00000422657538,0,,,,,,
188.0882606066033,4.836233742939089,426.7678101791044,233.5032870751184,78.43784919183277,200.00000405449796,0,,,,,,
189.08826060660328,4.848915756254954,427.3097972862514,232.66290027388555,79.26581742535814,200.00000388242054,0,,,,,,
190.08826060660326,4.861465988316857,427.8517843933984,231.8225134726527,80.0937856588835,200.00000371034312,0,,,,,,
191.08826060660323,4.873887149687824,428.3937715005454,230.98212667141985,80.92175389240887,200.0000035382657,0,,,,,,
192.0882606066032,4.886181868153244,428.93575860769243,230.141739870187,81.74972212593424,200.00000336618828,0,,,,,,
193.08826060660317,4.898352692057489,429.47774571483944,229.30135306895414,82.57769035945961,200.00000319411086,0,,,,,,
194.08826060660314,4.910402093474091,430.01973282198645,228.4609662677213,83.40565859298498,200.00000302203344,0,,,,,,
195.08826060660311,4.922332471219351,430.56171992913346,227.62057946648844,84.23362682651035,200.00000284995602,0,,,,,,
196.0882606066031,4.9341461537185545,431.10370703628047,226.78019266525558,85.06159506003571,200.0000026778786,0,,,,,,
197.08826060660306,4.9458454017333775,431.6456941434275,225.93980586402273,85.88956329356108,200.00000250580118,0,,,,,,
198.08826060660303,4.957432410958451,432.1876812505745,225.09941906278988,86.71753152708645,200.00000233372376,0,,,,,,
199.088260606603,4.968909314494566,432.7296683577215,224.25903226155702,87.54549976061182,200.00000216164634,0,,,,,,
200.08826060660297,4.980278185205473,433.2716554648685,223.41864546032417,88.37346799413719,200.00000198956891,0,,,,,,
201.08826060660294,4.99154103796479,433.8136425720155,222.57825865909132,89.20143622766255,200.0000018174915,0,,,,,,
202.08826060660292,5.002699831799117,434.3556296791625,221.73787185785847,90.02940446118792,200.00000164541407,0,,,,,,
203.0882606066029,5.013756471933052,434.8976167863095,220.8974850566256,90.85737269471329,200.00000147333665,0,,,,,,
204.08826060660286,5.024712811741448,435.43960389345654,220.05709825539276,91.68534092823866,200.00000130125923,0,,,,,,
205.08826060660283,5.035570654613927,435.98159100060354,219.2167114541599,92.51330916176403,200.0000011291818,0,,,,,,
206.0882606066028,5.046331755736315,436.52357810775055,218.37632465292705,93.3412773952894,200.0000009571044,0,,,,,,
207.08826060660277,5.056997823793428,437.06556521489756,217.5359378516942,94.16924562881476,200.00000078502697,0,,,,,,
208.08826060660274,5.067570522597327,437.60755232204457,216.69555105046135,94.99721386234013,200.00000061294955,0,,,,,,
209.08826060660272,5.07805147264492,438.1495394291916,215.8551642492285,95.8251820958655,200.00000044087213,0,,,,,,
210.0882606066027,5.088442252608564,438.6915265363386,215.01477744799564,96.65315032939087,200.0000002687947,0,,,,,,
211.08826060660266,5.098744400763094,439.2335136434856,214.1743906467628,97.48111856291624,200.0000000967173,0,,,,,,
212.08826060660263,5.108959416352505,439.7755007506326,213.33400384552994,98.3090867964416,199.99999992463987,0,,,,,,
212.64915263381116,5.114658240040238,440.0,212.82,98.5357562597988,200.88600796913136,0,,,,,,
213.64915263381116,5.12478607172453,440.5135807808916,211.96195875303175,98.93987942854002,202.46564897223317,0,,,,,,
214.64915263381116,5.134872620260731,441.02716156178315,211.1039175060635,99.34400259728125,204.04528997533498,0,,,,,,
215.64915263381116,5.144918220839928,441.5407423426747,210.24587625909527,99.74812576602247,205.6249309784368,0,,,,,,
216.64915263381116,5.154923204587425,442.0543231235663,209.38783501212703,100.15224893476369,207.2045719815386,0,,,,,,
217.64915263381116,5.16488789862824,442.56790390445786,208.5297937651588,100.55637210350491,208.78421298464042,0,,,,,,
218.64915263381116,5.174812626151275,443.08148468534944,207.67175251819054,100.96049527224613,210.36385398774223,0,,,,,,
219.64915263381116,5.184697706472222,443.595065466241,206.8137112712223,101.36461844098736,211.94349499084404,0,,,,,,
220.64915263381116,5.194543455095199,444.1086462471326,205.95567002425406,101.76874160972858,213.52313599394586,0,,,,,,
221.64915263381116,5.204350183773177,444.62222702802416,205.09762877728582,102.1728647784698,215.10277699704767,0,,,,,,
222.64915263381116,5.214118200567209,445.13580780891573,204.23958753031758,102.57698794721102,216.68241800014948,0,,,,,,
223.64915263381116,5.2238478099044965,445.6493885898073,203.38154628334934,102.98111111595225,218.2620590032513,0,,,,,,
224.64915263381116,5.233539312635318,446.1629693706989,202.5235050363811,103.38523428469347,219.8417000063531,0,,,,,,
225.64915263381116,5.243193006088847,446.67655015159045,201.66546378941285,103.78935745343469,221.42134100945492,0,,,,,,
226.64915263381116,5.252809184127888,447.190130932482,200.8074225424446,104.19348062217591,223.00098201255673,0,,,,,,
227.64915263381116,5.262388137202546,447.7037117133736,199.94938129547637,104.59760379091713,224.58062301565855,0,,,,,,
228.64915263381116,5.271930152402871,448.21729249426517,199.09134004850813,105.00172695965836,226.16026401876036,0,,,,,,
229.64915263381116,5.281435513510484,448.73087327515674,198.2332988015399,105.40585012839958,227.73990502186217,0,,,,,,
230.64915263381116,5.290904501049218,449.2444540560483,197.37525755457165,105.8099732971408,229.31954602496398,0,,,,,,
231.64915263381116,5.300337392334795,449.7580348369399,196.5172163076034,106.21409646588202,230.8991870280658,0,,,,,,
232.64915263381116,5.309734461523552,450.27161561783146,195.65917506063516,106.61821963462324,232.4788280311676,0,,,,,,
233.64915263381116,5.319095979660262,450.78519639872303,194.80113381366692,107.02234280336447,234.05846903426942,0,,,,,,
234.64915263381116,5.328422214725032,451.2987771796146,193.94309256669868,107.42646597210569,235.63811003737123,0,,,,,,
235.64915263381116,5.337713431679341,451.8123579605062,193.08505131973044,107.83058914084691,237.21775104047305,0,,,,,,
236.64915263381116,5.3469698925112015,452.32593874139775,192.2270100727622,108.23471230958813,238.79739204357486,0,,,,,,
237.64915263381116,5.356191856279488,452.8395195222893,191.36896882579396,108.63883547832936,240.37703304667667,0,,,,,,
238.64915263381116,5.365379579157442,453.3531003031809,190.51092757882572,109.04295864707058,241.95667404977848,0,,,,,,
239.64915263381116,5.374533314475367,453.86668108407247,189.65288633185747,109.4470818158118,243.5363150528803,0,,,,,,
240.64915263381116,5.383653312762544,454.38026186496404,188.79484508488923,109.85120498455302,245.1159560559821,0,,,,,,
241.64915263381116,5.392739821788369,454.8938426458556,187.936803837921,110.25532815329424,246.69559705908392,0,,,,,,
242.64915263381116,5.401793086602746,455.4074234267472,187.07876259095275,110.65945132203547,248.27523806218574,0,,,,,,
243.64915263381116,5.410813349575742,455.92100420763876,186.2207213439845,111.06357449077669,249.85487906528755,0,,,,,,
244.64915263381116,5.419800850436516,456.43458498853033,185.36268009701627,111.46769765951791,251.43452006838936,0,,,,,,
245.64915263381116,5.428755826311551,456.9481657694219,184.50463885004802,111.87182082825913,253.01416107149117,0,,,,,,
246.64915263381116,5.437678511762193,457.4617465503135,183.64659760307978,112.27594399700035,254.593802074593,0,,,,,,
247.64915263381116,5.446569138821512,457.97532733120505,182.78855635611154,112.68006716574158,256.1734430776948,0,,,,,,
248.64915263381116,5.455427937030516,458.4889081120966,181.9305151091433,113.0841903344828,257.7530840807966,0,,,,,,
249.64915263381116,5.464255133473702,459.0024888929882,181.07247386217506,113.48831350322402,259.3327250838984,0,,,,,,
250.64915263381116,5.473050952813989,459.51606967387977,180.21443261520682,113.89243667196524,260.91236608700024,0,,,,,,
251.64915263381116,5.481815617327026,460.02965045477134,179.35639136823858,114.29655984070646,262.49200709010205,0,,,,,,
252.64915263381116,5.490549346934892,460.5432312356629,178.49835012127033,114.70068300944769,264.07164809320386,0,,,,,,
253.64915263381116,5.499252359239211,461.0568120165545,177.6403088743021,115.10480617818891,265.6512890963057,0,,,,,,
254.64915263381116,5.507924869553681,461.57039279744606,176.78226762733385,115.50892934693013,267.2309300994075,0,,,,,,
255.64915263381116,5.516567090936036,462.08397357833763,175.9242263803656,115.91305251567135,268.8105711025093,0,,,,,,
256.6491526338112,5.525179234219454,462.5975543592292,175.06618513339737,116.31717568441258,270.39021210561117,0,,,,,,
257.6491526338112,5.533761508043417,463.1111351401208,174.20814388642913,116.7212988531538,271.969853108713,0,,,,,,
258.6491526338112,5.54231411888404,463.62471592101235,173.35010263946089,117.12542202189502,273.5494941118148,0,,,,,,
259.6491526338112,5.550837271083876,464.1382967019039,172.49206139249264,117.52954519063624,275.1291351149166,0,,,,,,
260.6491526338112,5.559331166881213,464.6518774827955,171.6340201455244,117.93366835937746,276.7087761180184,0,,,,,,
261.6491526338112,5.567796006438866,465.16545826368707,170.77597889855616,118.33779152811869,278.28841712112023,0,,,,,,
262.6491526338112,5.576231987872477,465.67903904457864,169.91793765158792,118.74191469685991,279.86805812422205,0,,,,,,
263.6491526338112,5.5846393072783425,466.1926198254702,169.05989640461968,119.14603786560113,281.44769912732386,0,,,,,,
264.6491526338112,5.593018158760759,466.7062006063618,168.20185515765144,119.55016103434235,283.02734013042567,0,,,,,,
265.6491526338112,5.601368734458915,467.21978138725336,167.3438139106832,119.95428420308357,284.6069811335275,0,,,,,,
266.6491526338112,5.609691224573328,467.73336216814494,166.48577266371495,120.3584073718248,286.1866221366293,0,,,,,,
267.6491526338112,5.617985817391836,468.2469429490365,165.6277314167467,120.76253054056602,287.7662631397311,0,,,,,,
268.6491526338112,5.6262526993151605,468.7605237299281,164.76969016977847,121.16665370930724,289.3459041428329,0,,,,,,
269.6491526338112,5.63449205488204,469.27410451081965,163.91164892281023,121.57077687804846,290.92554514593473,0,,,,,,
270.6491526338112,5.6427040667939465,469.7876852917112,163.053607675842,121.97490004678968,292.50518614903655,0,,,,,,
271.6491526338112,5.650888915939393,470.3012660726028,162.19556642887375,122.3790232155309,294.08482715213836,0,,,,,,
272.6491526338112,5.6590467814178425,470.8148468534944,161.3375251819055,122.78314638427213,295.6644681552402,0,,,,,,
273.6491526338112,5.667177840563223,471.32842763438595,160.47948393493726,123.18726955301335,297.244109158342,0,,,,,,
274.6491526338112,5.675282268967058,471.8420084152775,159.62144268796902,123.59139272175457,298.8237501614438,0,,,,,,
275.6491526338112,5.683360240501216,472.3555891961691,158.76340144100078,123.9955158904958,300.4033911645456,0,,,,,,
276.6491526338112,5.691411927340296,472.86916997706066,157.90536019403254,124.39963905923702,301.9830321676474,0,,,,,,
277.6491526338112,5.6994374999836435,473.38275075795224,157.0473189470643,124.80376222797824,303.56267317074924,0,,,,,,
278.6491526338112,5.707437127277018,473.8963315388438,156.18927770009606,125.20788539671946,305.14231417385105,0,,,,,,
279.6491526338112,5.715410976433902,474.4099123197354,155.33123645312781,125.61200856546068,306.72195517695286,0,,,,,,
280.6491526338112,5.723359213056476,474.92349310062696,154.47319520615957,126.0161317342019,308.3015961800547,0,,,,,,
281.6491526338112,5.731282001156255,475.43707388151853,153.61515395919133,126.42025490294313,309.8812371831565,0,,,,,,
282.6491526338112,5.739179503174394,475.9506546624101,152.7571127122231,126.82437807168435,311.4608781862583,0,,,,,,
283.6491526338112,5.747051880001672,476.4642354433017,151.89907146525485,127.22850124042557,313.0405191893601,0,,,,,,
284.6491526338112,5.754899290998161,476.97781622419325,151.0410302182866,127.6326244091668,314.6201601924619,0,,,,,,
285.6491526338112,5.762721894012577,477.4913970050848,150.18298897131837,128.03674757790802,316.19980119556374,0,,,,,,
286.6491526338112,5.7705198454013376,478.0049777859764,149.32494772435012,128.44087074664924,317.77944219866555,0,,,,,,
287.6491526338112,5.778293300047309,478.51855856686797,148.46690647738188,128.84499391539046,319.35908320176736,0,,,,,,
288.6491526338112,5.786042411378268,479.03213934775954,147.60886523041364,129.24911708413168,320.9387242048692,0,,,,,,
289.6491526338112,5.793767331385066,479.5457201286511,146.7508239834454,129.6532402528729,322.518365207971,0,,,,,,
290.6491526338112,5.801468210639525,480.0593009095427,145.89278273647716,130.05736342161413,324.0980062110728,0,,,,,,
291.6491526338112,5.8091451983120415,480.57288169043426,145.03474148950892,130.46148659035535,325.6776472141746,0,,,,,,
292.6491526338112,5.816798442188924,481.08646247132583,144.17670024254068,130.86560975909657,327.2572882172764,0,,,,,,
293.6491526338112,5.824428088689467,481.6000432522174,143.31865899557243,131.2697329278378,328.83692922037824,0,,,,,,
294.6491526338112,5.832034282882756,482.113624033109,142.4606177486042,131.67385609657902,330.41657022348005,0,,,,,,
295.6491526338112,5.839617168504218,482.62720481400055,141.60257650163595,132.07797926532024,331.99621122658186,0,,,,,,
296.6491526338112,5.847176887971922,483.1407855948921,140.7445352546677,132.48210243406146,333.5758522296837,0,,,,,,
297.6491526338112,5.854713582402623,483.6543663757837,139.88649400769947,132.88622560280268,335.1554932327855,0,,,,,,
298.6491526338112,5.862227391627575,484.16794715667527,139.02845276073123,133.2903487715439,336.7351342358873,0,,,,,,
299.6491526338112,5.8697184542080905,484.68152793756684,138.17041151376299,133.69447194028513,338.3147752389891,0,,,,,,
300.6491526338112,5.877186907450876,485.1951087184584,137.31237026679474,134.09859510902635,339.8944162420909,0,,,,,,
301.6491526338112,5.884632887423133,485.70868949935,136.4543290198265,134.50271827776757,341.47405724519274,0,,,,,,
302.6491526338112,5.89205652896743,486.22227028024156,135.59628777285826,134.9068414465088,343.05369824829455,0,,,,,,
303.6491526338112,5.8994579657163575,486.73585106113313,134.73824652589002,135.31096461525001,344.63333925139636,0,,,,,,
304.6491526338112,5.906837330106958,487.2494318420247,133.88020527892178,135.71508778399124,346.2129802544982,0,,,,,,
305.6491526338112,5.914194753394948,487.7630126229163,133.02216403195354,136.11921095273246,347.7926212576,0,,,,,,
306.6491526338112,5.921530365668725,488.27659340380785,132.1641227849853,136.52333412147368,349.3722622607018,0,,,,,,
307.6491526338112,5.9288442958631675,488.7901741846994,131.30608153801705,136.9274572902149,350.9519032638036,0,,,,,,
308.6491526338112,5.936136671773234,489.303754965591,130.4480402910488,137.33158045895613,352.5315442669054,0,,,,,,
309.6491526338112,5.943407620067361,489.81733574648257,129.58999904408057,137.73570362769735,354.11118527000724,0,,,,,,
310.6491526338112,5.950657266300665,490.33091652737414,128.73195779711233,138.13982679643857,355.69082627310905,0,,,,,,
311.6491526338112,5.95788573492795,490.8444973082657,127.8739165501441,138.5439499651798,357.27046727621087,0,,,,,,
312.6491526338112,5.965093149316528,491.3580780891573,127.01587530317587,138.948073133921,358.8501082793127,0,,,,,,
313.6491526338112,5.972279631758852,491.87165887004886,126.15783405620765,139.35219630266224,0.42974928241449106,0,,,,,,
313.9379896297994,5.974360230682307,492.02,125.91,138.29573740733267,0.4258134019829072,0,,,,,,
314.9379896297994,5.981688013728828,492.5901164919724,125.08843613420437,134.63810729068152,0.41218675274387806,0,,,,,,
315.9379896297994,5.989217607352822,493.16023298394487,124.26687226840875,130.98047717403037,0.39856010350484894,0,,,,,,
316.9379896297994,5.996960442277425,493.7303494759173,123.44530840261312,127.3228470573792,0.3849334542658198,0,,,,,,
317.9379896297994,6.004928948700165,494.30046596788975,122.6237445368175,123.66521694072804,0.3713068050267907,0,,,,,,
318.9379896297994,6.0131366763131755,494.8705824598622,121.80218067102187,120.00758682407688,0.3576801557877616,0,,,,,,
319.9379896297994,6.021598432896517,495.44069895183463,120.98061680522625,116.34995670742572,0.34405350654873246,0,,,,,,
320.9379896297994,6.030330445043794,496.0108154438071,120.15905293943062,112.69232659077456,0.33042685730970334,0,,,,,,
321.9379896297994,6.039350545401226,496.5809319357795,119.337489073635,109.0346964741234,0.3168002080706742,0,,,,,,
322.9379896297994,6.048678391847649,497.15104842775196,118.51592520783937,105.37706635747223,0.3031735588316451,0,,,,,,
323.9379896297994,6.058335725384949,497.7211649197244,117.69436134204375,101.71943624082107,0.289546909592616,0,,,,,,
324.9379896297994,6.068346675243525,498.29128141169684,116.87279747624812,98.0618061241699,0.27592026035358685,0,,,,,,
325.9379896297994,6.078738121970104,498.8613979036693,116.0512336104525,94.40417600751874,0.26229361111455773,0,,,,,,
326.9379896297994,6.089540132243105,499.4315143956417,115.22966974465687,90.74654589086758,0.2486669618755286,0,,,,,,
327.9379896297994,6.100786483118649,500.00163088761417,114.40810587886125,87.08891577421642,0.2350403126364995,0,,,,,,
328.9379896297994,6.11251529872646,500.5717473795866,113.58654201306562,83.43128565756525,0.22141366339747037,0,,,,,,
329.9379896297994,6.124769829657406,501.14186387155905,112.76497814727,79.77365554091409,0.20778701415844125,0,,,,,,
330.9379896297994,6.137599415218279,501.7119803635315,111.94341428147438,76.11602542426293,0.19416036491941213,0,,,,,,
331.9379896297994,6.151060682576065,502.28209685550394,111.12185041567875,72.45839530761177,0.180533715680383,0,,,,,,
332.9379896297994,6.165219056397211,502.8522133474764,110.30028654988313,68.8007651909606,0.1669070664413539,0,,,,,,
333.9379896297994,6.1801506807267925,503.4223298394488,109.4787226840875,65.14313507430944,0.15328041720232477,0,,,,,,
334.9379896297994,6.195944895996696,503.99244633142126,108.65715881829188,61.48550495765828,0.13965376796329565,0,,,,,,
335.9379896297994,6.212707475376938,504.5625628233937,107.83559495249625,57.827874841007116,0.12602711872426653,0,,,,,,
336.9379896297994,6.23056491805331,505.13267931536615,107.01403108670063,54.17024472435595,0.11240046948523741,0,,,,,,
337.9379896297994,6.249670242580756,505.7027958073386,106.192467220905,50.51261460770479,0.09877382024620829,0,,,,,,
338.9379896297994,6.2702109565196045,506.27291229931103,105.37090335510938,46.85498449105363,0.08514717100717917,0,,,,,,
339.9379896297994,6.292420263076185,506.8430287912835,104.54933948931375,43.197354374402465,0.07152052176815005,0,,,,,,
340.9379896297994,6.316593221960701,507.4131452832559,103.72777562351813,39.5397242577513,0.05789387252912093,0,,,,,,
341.9379896297994,6.34311074755818,507.98326177522836,102.9062117577225,35.88209414110014,0.044267223290091806,0,,,,,,
342.9379896297994,6.372476495202314,508.5533782672008,102.08464789192688,32.22446402444898,0.030640574051062686,0,,,,,,
343.9379896297994,6.405375940814234,509.12349475917324,101.26308402613125,28.566833907797815,0.017013924812033565,0,,,,,,
344.9379896297994,6.442775869568482,509.6936112511457,100.44152016033563,24.909203791146652,0.0033872755730044446,0,,,,,,
345.4754039182281,6.464751867817138,510.0,100.0,24.0,359.99606411956853,0,,,,,,
